dataset,ltrc-forest,ltrc-trees,cox-semi-parametric,aft-log-logistic
Breast Cancer,0.5422690952218966,0.4916896236649639,0.5106471082244399,0.47763393312980035
Convicts,0.5995610488896065,0.5240717730735155,0.6257841905955981,0.6259853477686438
Dictatorship \& Democracy,0.7729059576286011,0.6098458916267538,0.5381989389858888,0.6051490338816763
FLC chain,0.6458724152900089,0.6051929035743782,0.6384546173617962,0.6836299499134101
Larynx Cancer,0.5182188513423474,0.5,0.5896992258748671,0.6544300584622184
Lung Cancer,0.5637294952872989,0.5,0.6148543784399848,0.4109866261426295
Synthetic data,0.6487289990293751,0.5149389252904157,0.6146567206659513,0.6085110270192778
